title,hotels_result,hotels_price_restlt
桂林山水周边酒店,"['桂林柳钢桂林疗养院', '维也纳酒店(桂林万福广场店)', '城市便捷酒店(桂林瓦窑批发城店)', '桂林鑫昌商务酒店', '骏怡商务酒店（桂林万福广场店）', '雅斯特酒店(桂林万福广场店)', '桂林德盛便捷酒店', '桂林德天宾馆']","['128', '102', '68', '97', '75', '114', '49', '49']"
漓江周边酒店,"['桂林26°酒店', '桂林文文阿姨普通公寓', '桂林悦舍公寓', '星驿国际服务公寓(桂林万达广场店)', '旭阳主题酒店公寓(桂林万达店)', '万腾酒店公寓(桂林万达七星店)', '桂林斯维登度假公寓(高新万达)', '桂林万达华府SOHO公寓']","['99', '246', '219', '50', '134', '79', '126', '388']"
NA,[],[]
西街周边酒店,"['阳朔外泊家遇见客栈', '既见・乡榭酒店(阳朔十里画廊店)', '阳朔旅安居客栈', '阳朔璞闲居采茶山庄', '阳朔盛兴阁', '阳朔蔽龙阁', '阳朔福景山客栈', '阳朔赏榕客栈']","['207', '339', '59', '438', '241', '274', '129', '55']"
龙胜梯田周边酒店,"['柠檬湾酒店(桂林高新万达店)', '桂林美天宾馆', '浦江大酒店(桂林火车站店)', '桂林南星谊美酒店', '桂林城市梦想酒店', '桂林四建精品酒店', '桂林鑫悦宾馆', '桂林豪帝宾馆']","['90', '42', '60', '68', '92', '107', '60', '150']"
印象刘三姐周边酒店,"['阳朔七仙峰茶园客栈', '阳朔县益佳客栈', '桂林阳朔陈家花园西街分店客栈', '桂林兴坪山水美宿渔家乐(总统之旅店)']","['142', '69', '98', '448']"
象鼻山周边酒店,"['柠檬湾酒店(桂林高新万达店)', '桂林美天宾馆', '浦江大酒店(桂林火车站店)', '桂林南星谊美酒店', '桂林城市梦想酒店', '桂林四建精品酒店', '桂林鑫悦宾馆', '桂林豪帝宾馆']","['90', '42', '60', '68', '92', '107', '60', '150']"
两江四湖周边酒店,"['柠檬湾酒店(桂林高新万达店)', '桂林美天宾馆', '浦江大酒店(桂林火车站店)', '桂林南星谊美酒店', '桂林城市梦想酒店', '桂林四建精品酒店', '桂林鑫悦宾馆', '桂林豪帝宾馆']","['90', '42', '60', '68', '92', '107', '60', '150']"
七星公园周边酒店,"['桂林凯嘉假日酒店', '桂林假日之星精品酒店', '桂林乐居宾馆', '柠檬湾酒店(桂林高新万达店)', '桂林美天宾馆', '浦江大酒店(桂林火车站店)', '桂林南星谊美酒店', '桂林城市梦想酒店']","['58', '58', '51', '90', '42', '60', '68', '92']"
乐满地周边酒店,"['兴安乐满地度假酒店', '七天阁商务酒店(兴安乐满地店)', '兴安帝豪大酒店', '兴安福鑫宾馆', '兴安锦佳商务宾馆', '7天连锁酒店(兴安乐满地店)', '城市便捷酒店(兴安店)', '兴安丰泰酒店']","['400', '138', '165', '30', '49', '60', '72', '38']"
世外桃源周边酒店,"['阳朔鸿谊宾馆', '阳朔祥隆宾馆', '阳朔嘉诚民宿', '阳朔肖氏宾馆', '阳朔刘哥宾馆', '阳朔胡林宾馆', '阳朔诚诚宾馆', '桂林休闲驿站']","['121', '55', '98', '69', '113', '49', '109', '58']"
银子岩周边酒店,"['桂林柳钢桂林疗养院', '维也纳酒店(桂林万福广场店)', '城市便捷酒店(桂林瓦窑批发城店)', '桂林鑫昌商务酒店', '骏怡商务酒店（桂林万福广场店）', '雅斯特酒店(桂林万福广场店)', '桂林德盛便捷酒店', '桂林德天宾馆']","['128', '102', '68', '97', '75', '114', '49', '49']"
遇龙河周边酒店,"['柠檬湾酒店(桂林高新万达店)', '桂林美天宾馆', '浦江大酒店(桂林火车站店)', '桂林南星谊美酒店', '桂林城市梦想酒店', '桂林四建精品酒店', '桂林鑫悦宾馆', '桂林豪帝宾馆']","['90', '42', '60', '68', '92', '107', '60', '150']"
王城周边酒店,"['桂林瓦窑旅馆', '维也纳国际酒店(桂林万达店)', '金海宾馆(桂林瓦窑店)', '桂林华安宾馆', '桂林旺鑫宾馆', '城市便捷酒店(桂林瓦窑店)', '桂林祥发宾馆', '桂林春江宾馆']","['28', '113', '51', '77', '34', '68', '68', '68']"
龙脊梯田周边酒店,"['柠檬湾酒店(桂林高新万达店)', '桂林美天宾馆', '浦江大酒店(桂林火车站店)', '桂林南星谊美酒店', '桂林城市梦想酒店', '桂林四建精品酒店', '桂林鑫悦宾馆', '桂林豪帝宾馆']","['90', '42', '60', '68', '92', '107', '60', '150']"
冠岩周边酒店,"['桂林柳钢桂林疗养院', '维也纳酒店(桂林万福广场店)', '城市便捷酒店(桂林瓦窑批发城店)', '桂林鑫昌商务酒店', '骏怡商务酒店（桂林万福广场店）', '雅斯特酒店(桂林万福广场店)', '桂林德盛便捷酒店', '桂林德天宾馆']","['128', '102', '68', '97', '75', '114', '49', '49']"
古东瀑布周边酒店,"['柠檬湾酒店(桂林高新万达店)', '桂林美天宾馆', '浦江大酒店(桂林火车站店)', '桂林南星谊美酒店', '桂林城市梦想酒店', '桂林四建精品酒店', '桂林鑫悦宾馆', '桂林豪帝宾馆']","['90', '42', '60', '68', '92', '107', '60', '150']"
NA,[],[]
兴安灵渠周边酒店,"['柠檬湾酒店(桂林高新万达店)', '桂林美天宾馆', '浦江大酒店(桂林火车站店)', '桂林南星谊美酒店', '桂林城市梦想酒店', '桂林四建精品酒店', '桂林鑫悦宾馆', '桂林豪帝宾馆']","['90', '42', '60', '68', '92', '107', '60', '150']"
猫儿山周边酒店,"['桂林原乡生活客栈', '桂林创兴大酒店', '桂林翡翠宾馆', '7天连锁酒店(桂林七星路师范大学店)', '桂林荣华商务宾馆', '桂林翻滚吧动漫主题青年旅社', '桂林华侨大厦', '桂林紫藤花大酒店']","['102', '119', '48', '65', '58', '25', '159', '75']"
NA,[],[]
良凤江周边酒店,"['南宁福裕宾馆', '城市便捷酒店(南宁玉洞金象地铁站店)', '南宁展翔宾馆', '南宁春宁旅馆', 'OYO南宁锦祥商务酒店', '南宁美人鱼商务酒店', '南宁银海便捷酒店', '居家便捷酒店(南宁银海店)']","['87', '183', '55', '38', '50', '59', '50', '191']"
NA,[],[]
大王滩周边酒店,['南宁大王滩酒店'],['223']
龙虎山周边酒店,"['南宁曙光宾馆', '南宁红灯笼商务酒店', '南宁凯美便捷酒店', '南宁辉达宾馆', '南宁春都旅馆', '南宁东宝宾馆', '南宁镜皇宾馆', '南宁鑫和时尚商务宾馆']","['38', '59', '70', '42', '59', '68', '85', '49']"
南宁海底世界周边酒店,"['南宁柏龙菲尔酒店', '南宁金固商务宾馆', '南宁尚易酒店', '南宁荔园山庄', '南宁三叶酒店', '南宁千里旺来主题公寓', '南宁柳盛旅馆', '美晚酒店(南宁亭江店)']","['69', '10', '67', '688', '308', '92', '35', '128']"
龙门瀑布周边酒店,"['南宁品舒酒店', '派酒店(南宁江南万达广场石柱岭地铁站店)', '南宁雍锦商旅酒店', '南宁倡源酒店', '南宁柏龙菲尔酒店', '南宁金固商务宾馆', '南宁尚易酒店', '南宁荔园山庄']","['58', '129', '139', '75', '69', '10', '67', '688']"
南宁云顶观光周边酒店,"['南宁品舒酒店', '派酒店(南宁江南万达广场石柱岭地铁站店)', '南宁雍锦商旅酒店', '南宁倡源酒店', '南宁柏龙菲尔酒店', '南宁金固商务宾馆', '南宁尚易酒店', '南宁荔园山庄']","['58', '129', '139', '75', '69', '10', '67', '688']"
广西药用植物园周边酒店,"['城市便捷酒店(南宁新竹路广西电视台店)', '南宁鑫凯宾馆', '城市便捷酒店(南宁金花茶店)', '华谊・栖曼酒店(南宁新竹路店)', '钟意旅社(南宁民生店)', '格子微酒店(南宁金湖广场店)', '南宁饭店', '广西发改委培训中心宾馆']","['89', '46', '79', '69', '66', '50', '310', '73']"
凤岭水世界周边酒店,"['南宁倡源酒店', '南宁荔园山庄', '南宁柳盛旅馆', '南宁伟明商务宾馆', '南宁柳沙招待所', '南宁柳恒商务宾馆', '南宁帝豪国际大酒店', '格子微酒店(南宁竹溪大道店)']","['75', '688', '35', '108', '38', '61', '179', '50']"
良凤江国家森林公园周边酒店,"['南宁菩提山庄', '南宁正龙大酒店', '南宁喜满天宾馆', '南宁鸿进旅馆', '南宁玉龙宾馆', '南宁福裕宾馆', '城市便捷酒店(南宁玉洞金象地铁站店)', '南宁展翔宾馆']","['295', '118', '58', '48', '32', '87', '183', '55']"
九曲湾温泉周边酒店,"['南宁美辰时尚公寓', '广西怡养花园大酒店', '南宁千成商务酒店', '开泰商务宾馆(南宁昆仑大道店)', '南宁金立方大酒店', '南宁东桥便捷酒店', '南宁福霖大酒店', '南宁吉来客栈']","['42', '343', '68', '59', '187', '57', '138', '85']"
小连城周边酒店,"['南宁曙光宾馆', '南宁红灯笼商务酒店', '南宁凯美便捷酒店', '南宁辉达宾馆', '南宁春都旅馆', '南宁东宝宾馆', '南宁镜皇宾馆', '南宁鑫和时尚商务宾馆']","['38', '59', '70', '42', '59', '68', '85', '49']"
NA,[],[]
凤岭摩天轮周边酒店,"['南宁荔园山庄', '南宁柳恒商务宾馆', '格子微酒店(南宁竹溪大道店)', '南宁威尼斯酒店', '南宁皇家花园酒店', '南宁澳莹酒店', '泊尔顿酒店(南宁青秀山会展中心店)', '城市便捷酒店(南宁青秀山店)']","['688', '61', '50', '61', '92', '66', '240', '204']"
NA,[],[]
NA,[],[]
NA,[],[]
NA,[],[]
NA,[],[]
石表山周边酒店,"['城市便捷酒店(梧州三龙大道政务中心店)', '梧州二房一厅高层小清新偷闲小屋', '梧州7日优品酒店', '梧州赣兴旅馆', '18精品酒店(梧州河东店)', '梧州伯豪酒店', '梧州夏威夷假日酒店', '梧州白云江景大酒店']","['245', '210', '50', '50', '56', '106', '55', '122']"
梧州岑溪石庙周边酒店,"['岑溪喜来登宾馆', '广西梧州岑溪市宜家大酒店', '岑溪泰隆大酒店', '岑溪广都大酒店', '岑溪华厦大酒店', '岑溪天然居旅业', '岑溪源峰大酒店', '岑溪印象100时尚酒店']","['55', '80', '56', '67', '120', '112', '131', '70']"
天龙顶周边酒店,"['城市便捷酒店(梧州三龙大道政务中心店)', '梧州二房一厅高层小清新偷闲小屋', '梧州7日优品酒店', '梧州赣兴旅馆', '18精品酒店(梧州河东店)', '梧州伯豪酒店', '梧州夏威夷假日酒店', '梧州白云江景大酒店']","['245', '210', '50', '50', '56', '106', '55', '122']"
NA,[],[]
蝴蝶谷周边酒店,"['藤县精通酒店', '藤县维尼便捷酒店', '藤县来往时尚酒店', '藤县新苑宾馆', '藤县腾隆宾馆', '藤县洲洋宾馆', '藤县金丰宾馆', '藤县华轩旅馆']","['120', '60', '88', '39', '87', '50', '59', '33']"
鸳鸯江周边酒店,"['梧州二房一厅高层小清新偷闲小屋', '梧州7日优品酒店', '梧州赣兴旅馆', '18精品酒店(梧州河东店)', '梧州伯豪酒店', '梧州夏威夷假日酒店', '梧州白云江景大酒店', '梧州赣发旅馆']","['210', '50', '50', '56', '106', '55', '122', '40']"
岑溪吉太漂流周边酒店,['岑溪天龙山庄'],['168']
NA,[],[]
NA,[],[]
骑楼城周边酒店,"['梧州二房一厅高层小清新偷闲小屋', '梧州7日优品酒店', '梧州赣兴旅馆', '18精品酒店(梧州河东店)', '梧州伯豪酒店', '梧州夏威夷假日酒店', '梧州白云江景大酒店', '梧州赣发旅馆']","['210', '50', '50', '56', '106', '55', '122', '40']"
NA,[],[]
天书峡谷周边酒店,"['城市便捷酒店(梧州三龙大道政务中心店)', '梧州二房一厅高层小清新偷闲小屋', '梧州7日优品酒店', '梧州赣兴旅馆', '18精品酒店(梧州河东店)', '梧州伯豪酒店', '梧州夏威夷假日酒店', '梧州白云江景大酒店']","['245', '210', '50', '50', '56', '106', '55', '122']"
大爽河周边酒店,"['城市便捷酒店(梧州三龙大道政务中心店)', '梧州二房一厅高层小清新偷闲小屋', '梧州7日优品酒店', '梧州赣兴旅馆', '18精品酒店(梧州河东店)', '梧州伯豪酒店', '梧州夏威夷假日酒店', '梧州益海便捷酒店']","['245', '210', '50', '50', '56', '106', '55', '91']"
自驾车营地周边酒店,"['梧州二房一厅高层小清新偷闲小屋', '梧州7日优品酒店', '梧州赣兴旅馆', '18精品酒店(梧州河东店)', '梧州伯豪酒店', '梧州夏威夷假日酒店', '梧州白云江景大酒店', '梧州赣发旅馆']","['210', '50', '50', '56', '106', '55', '122', '40']"
六堡茶园周边酒店,"['城市便捷酒店(梧州三龙大道政务中心店)', '梧州二房一厅高层小清新偷闲小屋', '梧州7日优品酒店', '梧州赣兴旅馆', '18精品酒店(梧州河东店)', '梧州伯豪酒店', '梧州夏威夷假日酒店', '梧州白云江景大酒店']","['245', '210', '50', '50', '56', '106', '55', '122']"
蛇园周边酒店,"['城市便捷酒店(梧州三龙大道政务中心店)', '梧州二房一厅高层小清新偷闲小屋', '梧州7日优品酒店', '梧州赣兴旅馆', '18精品酒店(梧州河东店)', '梧州伯豪酒店', '梧州夏威夷假日酒店', '梧州白云江景大酒店']","['245', '210', '50', '50', '56', '106', '55', '122']"
四恩寺周边酒店,"['梧州二房一厅高层小清新偷闲小屋', '梧州7日优品酒店', '梧州赣兴旅馆', '18精品酒店(梧州河东店)', '梧州伯豪酒店', '梧州夏威夷假日酒店', '梧州白云江景大酒店', '梧州赣发旅馆']","['210', '50', '50', '56', '106', '55', '122', '40']"
太平狮山周边酒店,"['藤县宏业大酒店', '藤县龙城大酒店', '藤县金源宾馆', '藤县源兴宾馆']","['158', '115', '60', '50']"
NA,[],[]
市博物馆周边酒店,"['梧州二房一厅高层小清新偷闲小屋', '梧州7日优品酒店', '梧州赣兴旅馆', '18精品酒店(梧州河东店)', '梧州伯豪酒店', '梧州夏威夷假日酒店', '梧州白云江景大酒店', '梧州赣发旅馆']","['210', '50', '50', '56', '106', '55', '122', '40']"
NA,[],[]
侗乡鸟巢（坐妹）周边酒店,"['三江和谐家园公寓', '柳州柳州纯属意外公寓', '柳州乌鸦的木槿公寓(2号店)', '三江侗乡国宾馆', '柳州小时光客栈福桥东路分店', '三江千百度精品酒店', '三江福禄山好旅酒店', '柳州小时光幸福客栈']","['191', '185', '78', '150', '38', '82', '246', '58']"
马鞍山公园周边酒店,"['明圆宾馆', '柳州天成大酒店', '柳州汇兴源宾馆', '柳州庆兴宾馆', '柳州隆福旅馆', '柳州豪富商务宾馆', '柳州富贵主题酒店', '柳州柳江聚龙宾馆']","['100', '168', '61', '89', '61', '48', '78', '52']"
香桥岩周边酒店,"['柳州德明精品公寓(10号店)', '山月宾馆(柳州柳邕店)', '馨平宾馆(柳州航银路店)', '柳州君祥民宿', '柳州大龙门宾馆', '柳州湘军宾馆', '柳州世冠大酒店', '柳州海上时尚宾馆']","['554', '49', '98', '51', '88', '46', '78', '101']"
NA,[],[]
柳航游船周边酒店,"['柳州庆兴宾馆', '柳州隆福旅馆', '柳州豪富商务宾馆', '柳州富贵主题酒店', '柳州柳江聚龙宾馆', '柳州兴国宾馆', '北海安姐公寓', '柳州新世纪宾馆']","['89', '61', '48', '78', '52', '52', '488', '73']"
NA,[],[]
柳州融水苗山周边酒店,"['柳州建兴旅社', '柳州天恒宾馆', '柳州华都旅馆', '柳州聚缘商务宾馆', '雅吉酒店(柳州柳南万达店)', '柳州五酱公寓(2号店)', '柳州豪府酒店', '浙广商务酒店(柳州柳南万达店)']","['88', '50', '28', '50', '79', '208', '84', '169']"
三江侗乡周边酒店,"['柳州建兴旅社', '柳州天恒宾馆', '柳州华都旅馆', '柳州聚缘商务宾馆', '雅吉酒店(柳州柳南万达店)', '柳州五酱公寓(2号店)', '柳州豪府酒店', '浙广商务酒店(柳州柳南万达店)']","['88', '50', '28', '50', '79', '208', '84', '169']"
金秀周边酒店,"['山月宾馆(柳州柳邕店)', '馨平宾馆(柳州航银路店)', '柳州君祥民宿', '柳州大龙门宾馆', '柳州湘军宾馆', '柳州世冠大酒店', '柳州海上时尚宾馆', '柳州建兴旅社']","['49', '98', '51', '88', '46', '78', '101', '88']"
都乐岩周边酒店,"['柳州尊皇祥兴大酒店', '柳州俪园公寓', '柳州唐女士特色民宿(柳石路分店)', '柳州优客时尚宾馆', '柳江华怡宾馆', '明圆宾馆', '柳州天成大酒店', '柳州汇兴源宾馆']","['88', '156', '32', '90', '46', '100', '168', '61']"
大瑶山周边酒店,"['柳州德明精品公寓(10号店)', '山月宾馆(柳州柳邕店)', '馨平宾馆(柳州航银路店)', '柳州君祥民宿', '柳州大龙门宾馆', '柳州湘军宾馆', '柳州世冠大酒店', '柳州海上时尚宾馆']","['554', '49', '98', '51', '88', '46', '78', '101']"
三门江周边酒店,"['柳州鑫宇商务宾馆', '城市便捷酒店(柳州西江路店)', '维也纳酒店(柳州西江万象城店)', '柳州京亭旅馆', '柳州宜家静兰酒店', '柳州海英主题酒店', '柳州尚沃宾馆', '柳州以马内利宾馆']","['50', '99', '377', '60', '112', '70', '68', '69']"
龙女沟周边酒店,"['融水弄富农庄', '融水鼓楼农家宾馆', '融水云居民宿']","['88', '128', '98']"
花果山周边酒店,"['柳州鑫宇商务宾馆', '柳州京亭旅馆', '柳州宜家静兰酒店', '柳州海英主题酒店', '柳州尚沃宾馆', '柳州以马内利宾馆', '柳州川渝酒店', '柳州广利旅社']","['50', '60', '112', '70', '68', '69', '83', '40']"
象州温泉周边酒店,"['柳州德明精品公寓(10号店)', '山月宾馆(柳州柳邕店)', '馨平宾馆(柳州航银路店)', '柳州君祥民宿', '柳州大龙门宾馆', '柳州湘军宾馆', '柳州世冠大酒店', '柳州海上时尚宾馆']","['554', '49', '98', '51', '88', '46', '78', '101']"
NA
元宝山周边酒店,"['柳州建兴旅社', '柳州天恒宾馆', '柳州华都旅馆', '柳州聚缘商务宾馆', '雅吉酒店(柳州柳南万达店)', '柳州五酱公寓(2号店)', '柳州豪府酒店', '浙广商务酒店(柳州柳南万达店)']","['88', '50', '28', '50', '79', '208', '84', '169']"
程阳风雨桥周边酒店,"['柳州建兴旅社', '柳州天恒宾馆', '柳州华都旅馆', '柳州聚缘商务宾馆', '雅吉酒店(柳州柳南万达店)', '柳州五酱公寓(2号店)', '柳州豪府酒店', '浙广商务酒店(柳州柳南万达店)']","['88', '50', '28', '50', '79', '208', '84', '169']"
柳侯公园周边酒店,"['柳州德明精品公寓(10号店)', '山月宾馆(柳州柳邕店)', '馨平宾馆(柳州航银路店)', '柳州君祥民宿', '柳州大龙门宾馆', '柳州湘军宾馆', '柳州世冠大酒店', '柳州海上时尚宾馆']","['554', '49', '98', '51', '88', '46', '78', '101']"
通灵大峡谷周边酒店,['靖西通灵山庄'],['138']
NA,[],[]
NA,[],[]
鹅泉周边酒店,"['靖西旧州亲水民宿', '靖西旧州客栈', '旧州民宿(靖西西南巷店)', '靖西山水一家人客栈', '靖西原生态住宿', '靖西佳合旅馆', '靖西鹅泉宾馆', '百色江滨农家乐']","['108', '138', '119', '158', '70', '50', '68', '60']"
NA,[],[]
旧州周边酒店,"['靖西旧州亲水民宿', '靖西旧州客栈', '旧州民宿(靖西西南巷店)', '靖西山水一家人客栈']","['108', '138', '119', '158']"
大王岭漂流周边酒店,"['百色景菲曼商务宾馆', '百色朗东商务酒店', '雅斯特酒店(百色火车站店)', '百色润福宾馆福州街分店', '百色恒悦主题宾馆', '百色和义精品酒店', '百色金瑞宾馆', '百色华风商务酒店']","['60', '59', '183', '50', '60', '69', '58', '67']"
NA,[],[]
澄碧湖周边酒店,"['百色春江商务宾馆', '百色天缘商务酒店', '百色虹雅旅馆', '城市便捷酒店(百色城北凤凰店)', '百色豪门旅馆', '恒源大酒店（百色恒基广场店）', '柏曼酒店(百色恒基广场店)', '百色万宁大酒店']","['49', '108', '38', '79', '39', '213', '91', '159']"
大石围周边酒店,"['百色景菲曼商务宾馆', '百色朗东商务酒店', '雅斯特酒店(百色火车站店)', '百色润福宾馆福州街分店', '百色维嘉宾馆', '百色维嘉商务宾馆', '百色恒悦主题宾馆', '百色和义精品酒店']","['60', '59', '183', '50', '68', '66', '60', '69']"
大王岭周边酒店,"['百色景菲曼商务宾馆', '百色朗东商务酒店', '雅斯特酒店(百色火车站店)', '百色润福宾馆福州街分店', '百色维嘉宾馆', '百色维嘉商务宾馆', '百色恒悦主题宾馆', '百色和义精品酒店']","['60', '59', '183', '50', '68', '66', '60', '69']"
NA,[],[]
NA,[],[]
百色起义纪念馆周边酒店,"['百色景菲曼商务宾馆', '百色朗东商务酒店', '雅斯特酒店(百色火车站店)', '百色润福宾馆福州街分店', '百色维嘉宾馆', '百色维嘉商务宾馆', '百色恒悦主题宾馆', '百色和义精品酒店']","['60', '59', '183', '50', '68', '66', '60', '69']"
粤东会馆周边酒店,"['百色景菲曼商务宾馆', '百色朗东商务酒店', '雅斯特酒店(百色火车站店)', '百色润福宾馆福州街分店', '百色恒悦主题宾馆', '百色和义精品酒店', '百色金瑞宾馆', '百色华风商务酒店']","['60', '59', '183', '50', '60', '69', '58', '67']"
红军岩通天河周边酒店,"['百色景菲曼商务宾馆', '百色朗东商务酒店', '雅斯特酒店(百色火车站店)', '百色润福宾馆福州街分店', '百色恒悦主题宾馆', '百色和义精品酒店', '百色金瑞宾馆', '百色华风商务酒店']","['60', '59', '183', '50', '60', '69', '58', '67']"
NA,[],[]
穿洞天坑周边酒店,"['百色景菲曼商务宾馆', '百色朗东商务酒店', '雅斯特酒店(百色火车站店)', '百色润福宾馆福州街分店', '百色恒悦主题宾馆', '百色和义精品酒店', '百色金瑞宾馆', '百色华风商务酒店']","['60', '59', '183', '50', '60', '69', '58', '67']"
岑氏古建筑群周边酒店,"['百色景菲曼商务宾馆', '百色朗东商务酒店', '雅斯特酒店(百色火车站店)', '百色润福宾馆福州街分店', '百色恒悦主题宾馆', '百色和义精品酒店', '百色金瑞宾馆', '百色华风商务酒店']","['60', '59', '183', '50', '60', '69', '58', '67']"
NA,[],[]
NA,[],[]
百魔洞周边酒店,"['河池艾林微酒店', '河池康乐酒店', '河池运达大酒店', '河池嘉逸便捷酒店', '河池1001商务宾馆', '河池然泰宾馆', '河池微笑宾馆', '河池乾山客栈']","['61', '89', '56', '68', '78', '108', '86', '70']"
赐福湖长寿岛周边酒店,"['巴马民族宾馆', '巴马恒利商务宾馆', '巴马品瑶酒店', '巴马寿乡国际大酒店', '巴马寿乡情快捷酒店', '巴马西海梦便捷酒店', '柏曼酒店(巴马中心文化广场店)', '巴马宜家便捷酒店']","['72', '65', '138', '159', '100', '80', '109', '159']"
水波天窗（百鸟岩）周边酒店,"['巴马三生三舍主题客栈', '巴马精通・坡纳度假村', '巴马甲篆人家公寓', '巴马百鸟庄酒店', '巴马百福巢养生公寓', '河池巴马寿荣宾馆', '巴马圣泉养生宾馆', '巴马松年堂养生公寓']","['118', '69', '106', '88', '108', '128', '166', '78']"
长寿水晶宫周边酒店,"['河池艾林微酒店', '河池康乐酒店', '河池运达大酒店', '河池嘉逸便捷酒店', '河池1001商务宾馆', '河池然泰宾馆', '河池微笑宾馆', '河池乾山客栈']","['61', '89', '56', '68', '78', '108', '86', '70']"
三门海天窗群周边酒店,"['凤山金年华主题酒店', '凤山帝雅斯精品酒店', '凤山凤栖宾馆', '凤山金洲大酒店', '凤山恒升大酒店', '凤山西城宾馆', '凤山锦江之星宾馆', '凤山华泰宾馆']","['118', '100', '108', '159', '156', '60', '116', '132']"
NA,[],[]
梦巴马大型实景演出周边酒店,"['巴马活泉木楼山庄', '巴马百岁源大酒店', '巴马春城旅馆', '巴马大酒店', '巴马圣地大酒店', '巴马新花园宾馆', '巴马安远大酒店', '巴马假日168酒店']","['198', '97', '60', '158', '58', '83', '89', '68']"
NA,[],[]
长寿村周边酒店,"['河池艾林微酒店', '河池康乐酒店', '河池运达大酒店', '河池嘉逸便捷酒店', '河池1001商务宾馆', '河池然泰宾馆', '河池微笑宾馆', '河池乾山客栈']","['61', '89', '56', '68', '78', '108', '86', '70']"
小三峡周边酒店,"['河池艾林微酒店', '河池康乐酒店', '河池运达大酒店', '河池嘉逸便捷酒店', '河池1001商务宾馆', '河池然泰宾馆', '河池微笑宾馆', '河池乾山客栈']","['61', '89', '56', '68', '78', '108', '86', '70']"
NA,[],[]
金浪湾周边酒店,"['河池艾林微酒店', '河池康乐酒店', '河池运达大酒店', '河池嘉逸便捷酒店', '河池1001商务宾馆', '河池然泰宾馆', '河池微笑宾馆', '河池乾山客栈']","['61', '89', '56', '68', '78', '108', '86', '70']"
NA,[],[]
凤山三门海周边酒店,"['凤山三门海寿源假日公寓', '凤山环巢养生度假酒店', '河池永寿宫商务酒店']","['88', '168', '98']"
南丹温泉周边酒店,"['河池艾林微酒店', '河池康乐酒店', '河池运达大酒店', '河池嘉逸便捷酒店', '河池1001商务宾馆', '河池然泰宾馆', '河池微笑宾馆', '河池乾山客栈']","['61', '89', '56', '68', '78', '108', '86', '70']"
河池天生桥周边酒店,"['河池艾林微酒店', '河池康乐酒店', '河池运达大酒店', '河池嘉逸便捷酒店', '河池1001商务宾馆', '河池然泰宾馆', '河池微笑宾馆', '河池乾山客栈']","['61', '89', '56', '68', '78', '108', '86', '70']"
仙女岩周边酒店,"['河池艾林微酒店', '河池康乐酒店', '河池运达大酒店', '河池嘉逸便捷酒店', '河池1001商务宾馆', '河池然泰宾馆', '河池微笑宾馆', '河池乾山客栈']","['61', '89', '56', '68', '78', '108', '86', '70']"
NA,[],[]
古城峒周边酒店,"['河池艾林微酒店', '河池康乐酒店', '河池运达大酒店', '河池嘉逸便捷酒店', '河池1001商务宾馆', '河池然泰宾馆', '河池微笑宾馆', '河池乾山客栈']","['61', '89', '56', '68', '78', '108', '86', '70']"
北海周边酒店,"['北海莫菲尔国际精品酒店', '北海银滩滨海湾海景公寓', '北海星期8快捷宾馆', '北海海城区临海听风客栈', '北海海轩缘宾馆', '北海八八海湾宾馆', '北海银滩而而便捷酒店', '北海采贝酒店']","['60', '188', '40', '88', '499', '70', '50', '118']"
银滩周边酒店,"['北海古厘岛度假酒店', '北海银滩明都精品酒店', '北海隆盛假日休闲旅馆', '北海银滩南宁商务酒店', '北海银滩之家自助公寓', '李师傅自助公寓(北海银滩店)', '北海潇湘宾馆', '北海赵阿姨自助公寓']","['340', '105', '67', '88', '96', '89', '138', '38']"
涠洲岛周边酒店,"['涠洲岛看风景海边客栈', '北海涠洲岛半山伴海', '涠洲岛蕉叶壹居OneHomeHotel', '涠洲岛栖墅民宿', '涠洲岛友一家客栈', '北海涠洲岛安格瑞拉花园客栈', '涠洲岛四叶草海景客栈', '北海涠洲岛金屏海景客栈']","['59', '180', '188', '117', '158', '228', '260', '211']"
冠头岭周边酒店,"['北海欢乐e家人公寓酒店', '北海冠岭驿站', '北海冠岭山庄', '北海途乐精品度假酒店', '北海冠山海高尔夫海景度假公寓', '北海碧海云天酒店', '冠岭城堡酒店(北海冠头岭店)', '北海爱登堡酒店']","['988', '128', '455', '179', '148', '128', '268', '76']"
南国星岛湖周边酒店,"['北海莫菲尔国际精品酒店', '北海银滩滨海湾海景公寓', '北海星期8快捷宾馆', '北海海城区临海听风客栈', '北海海轩缘宾馆', '北海八八海湾宾馆', '北海银滩而而便捷酒店', '北海采贝酒店']","['60', '188', '40', '88', '499', '70', '50', '118']"
海底世界周边酒店,"['北海鑫雅宾馆', '北海天赐宾馆', '北海精灵墅客栈', '北海棕榈泉度假酒店', '北海美玲温馨度假家庭公寓', '北海欢乐e家人公寓酒店', '北海咱家宾馆', '北海Sunshine・海青年旅舍']","['58', '64', '158', '159', '94', '988', '120', '22']"
海洋之窗周边酒店,"['北海古厘岛度假酒店', '北海银滩明都精品酒店', '北海隆盛假日休闲旅馆', '北海银滩南宁商务酒店', '北海银滩之家自助公寓', '李师傅自助公寓(北海银滩店)', '北海潇湘宾馆', '北海赵阿姨自助公寓']","['340', '105', '67', '88', '96', '89', '138', '38']"
北部湾广场周边酒店,"['北海海怡酒店', '北海海景7号度假公寓', '北海胜境度假宾馆', '北海豪泰酒店', '北海品尚主题商务酒店', '北海名珠宫酒店', '凯N快捷酒店(北海银滩万达店)', '北海假日自助新干线旅馆侨港店']","['75', '78', '67', '68', '70', '138', '128', '138']"
NA,[],[]
广西海上豪华型观光游艇周边酒店,"['北海鑫雅宾馆', '北海天赐宾馆', '北海精灵墅客栈', '北海棕榈泉度假酒店', '北海欢乐e家人公寓酒店', '北海咱家宾馆', '北海彼岸之海假日别墅酒店', '北海居之家别墅宾馆']","['58', '64', '158', '159', '988', '120', '99', '56']"
外沙岛周边酒店,"['北海鑫雅宾馆', '北海天赐宾馆', '北海精灵墅客栈', '北海棕榈泉度假酒店', '北海美玲温馨度假家庭公寓', '北海欢乐e家人公寓酒店', '北海咱家宾馆', '北海Sunshine・海青年旅舍']","['58', '64', '158', '159', '94', '988', '120', '22']"
北海金海湾红树林周边酒店,"['北京攀西宾馆', '北京红居宾馆', '欣燕都连锁酒店(北京天坛东门店)', '北京顺安康宾馆', '汉庭酒店(北京前门大街店)', '北京云天酒店', '泉谷酒店(北京天坛店)', '99优选酒店(北京天桥永安路店)']","['368', '118', '178', '120', '195', '448', '292', '139']"
NA,"['广西壮族自治区北海，位于广西最南端，北部湾东北岸，北海是一个浪漫的城市，风光旖旎，气候宜人，让人流连忘返。它还是一座具有亚热带滨海风光的美丽城市，拥有中国优秀旅游城市的称号。 \t 北海是中国南部海滨的一座美丽的花园城市，道路宽阔笔直，绿树成荫，碧蓝的大海，明媚的...', '鳄鱼山景区又叫鳄鱼山公园，位于涠洲岛南湾西侧的鳄鱼岭，是整个涠洲岛火山地质景观的...', '北海银滩被列为国家级旅游度假区，为中国的35个“王牌景点”之一，享有“天下第一滩”...', '北海市拥有广西最大的海岛涠洲岛。涠洲岛位于北海半岛东南面24海里处，由南至北长6.5....', '北海老街一般指中山路和珠海路，老街形成于1927年前后，但它的起源却要追溯到19世纪中...', '五彩滩位于涠洲岛东海岸，这里没有白净的沙滩，有的是贝壳和火山石磨细成的黑沙石，因...', '滴水丹屏是位于涠洲岛西南部的一段海边石崖，崖壁上的石缝间常有水点点滴落，犹如珠帘...', '冠头岭国家森林公园在北海市区西南，距市区8公里，犹如一青龙横卧海面。因坡岭宛延起....', '金海湾红树林生态休闲度假旅游区是我国极富滨海湿地风情和渔家文化内涵的黄金景点，整...', '位于广西北海市区北面。走桂海高速公路至市区四川北路可达。是集观光、购物、休闲为一...', '北海海底世界座落在北海海滨公园内，是我国西南地区最大的海底世界观光旅游项目，其总...', '1. 国家AAAA级旅游景区北海海洋之窗是国家AAAA级旅游景区、全国科普教育基地，座落于....', '星岛湖旅游区是利用洪潮江水库发展建成的一个内陆湖旅游度假区，整个水库水面面积6660...', '外沙岛位于广西北海市北岸，距市中心1.5千米。属集海鲜饮食、旅游度假、购物观光、休....', '海滩公园位于北海银滩中部。公园由三部份组成，东区设有琴、棋、书、画院；中间是海滩...', '星岛湖旅游区位于北海合浦县西北部24公里处的洪潮江水库，距离北海市区50公里，约1小....', '海底彩带是指岛的东、北、西南面由带状的珊瑚岸礁形成的水下奇观。透过清澈的海水可以...', '白龙珍珠城位于距北海市东南36公里的营盘镇白龙村。 传说古时曾有白龙盘旋于此，得名....', '北海忘忧岛(又名五姑娘岛)，离北海市区约3海里，夜晚可以遥看北海北岸的夜景。忘忧岛....']","['2', '98', '2', '75', '10', '98', '5', '25', '98', '80', '110', '2', '100']"
NA,[],[]
星岛湖旅游区周边酒店,"['北海鑫雅宾馆', '北海天赐宾馆', '北海精灵墅客栈', '北海棕榈泉度假酒店', '北海美玲温馨度假家庭公寓', '北海欢乐e家人公寓酒店', '北海咱家宾馆', '北海Sunshine・海青年旅舍']","['58', '64', '158', '159', '94', '988', '120', '22']"
NA,[],[]
NA,[],[]
涠洲岛潜水周边酒店,"['涠洲岛看风景海边客栈', '北海涠洲岛半山伴海', '涠洲岛蕉叶壹居OneHomeHotel', '涠洲岛栖墅民宿', '涠洲岛友一家客栈', '北海涠洲岛安格瑞拉花园客栈', '涠洲岛四叶草海景客栈', '北海涠洲岛金屏海景客栈']","['59', '180', '188', '117', '158', '228', '260', '211']"
大江埠越南边关风情村周边酒店,"['北海鑫雅宾馆', '北海天赐宾馆', '北海精灵墅客栈', '北海棕榈泉度假酒店', '北海美玲温馨度假家庭公寓', '北海欢乐e家人公寓酒店', '北海咱家宾馆', '北海Sunshine・海青年旅舍']","['58', '64', '158', '159', '94', '988', '120', '22']"
NA,[],[]
NA,[],[]
防城港火山岛周边酒店,"['钦州正元大酒店', '钦州颐豪大酒店', '钦州阳光海岸商务酒店', '钦州金苑商务酒店', '钦州悦海旅馆', '钦州怡家优品酒店', '钦州金海岸商务宾馆', '钦州欧雅宾馆']","['65', '58', '138', '70', '58', '60', '59', '58']"
屏峰雨林公园周边酒店,"['防城港蓝白拖美宿', '防城港海逸居民宿', '防城港江山半岛酒店', '防城港七月上民宿', '防城港蓝海湾客栈', '防城港老李四客栈', '防城港海天一舍客栈', '防城港海客时光民宿']","['318', '275', '240', '131', '98', '118', '398', '291']"
野人谷漂流周边酒店,"['防城港蓝白拖美宿', '防城港海逸居民宿', '防城港江山半岛酒店', '防城港七月上民宿', '防城港蓝海湾客栈', '防城港老李四客栈', '防城港海天一舍客栈', '防城港海客时光民宿']","['318', '275', '240', '131', '98', '118', '398', '291']"
NA,[],[]
NA,[],[]
百鸟乐园周边酒店,['上思乐然居酒店'],['180']
金滩周边酒店,"['防城港蓝白拖美宿', '防城港海逸居民宿', '防城港江山半岛酒店', '防城港七月上民宿', '防城港蓝海湾客栈', '防城港老李四客栈', '防城港海天一舍客栈', '防城港海客时光民宿']","['318', '275', '240', '131', '98', '118', '398', '291']"
蝴蝶岛周边酒店,"['防城港蓝白拖美宿', '防城港海逸居民宿', '防城港江山半岛酒店', '防城港七月上民宿', '防城港蓝海湾客栈', '防城港老李四客栈', '防城港海天一舍客栈', '防城港海客时光民宿']","['318', '275', '240', '131', '98', '118', '398', '291']"
十万大山周边酒店,"['防城港蓝白拖美宿', '防城港海逸居民宿', '防城港江山半岛酒店', '防城港七月上民宿', '防城港蓝海湾客栈', '防城港老李四客栈', '防城港海天一舍客栈', '防城港海客时光民宿']","['318', '275', '240', '131', '98', '118', '398', '291']"
大平坡周边酒店,"['防城港蓝白拖美宿', '防城港海逸居民宿', '防城港江山半岛酒店', '防城港七月上民宿', '防城港蓝海湾客栈', '防城港老李四客栈', '防城港海天一舍客栈', '防城港海客时光民宿']","['318', '275', '240', '131', '98', '118', '398', '291']"
万尾金滩周边酒店,"['东兴海景楼度假村', '东兴金湾酒店', '防城港海蓝蓝海景房渔家乐(分店)', '东兴万尾农家旅馆', '东兴乡海农家乐', '东兴骐安居别院', '防城港陈梅花特色民宿(2号店)', '东兴五叔农家乐']","['128', '90', '166', '69', '74', '168', '128', '62']"
怪石滩周边酒店,"['防城港怪石滩山海渔家乐', '防城港温馨港湾民宿', '防城港江山半岛白沙湾巧巧农家乐', '防城港白沙湾旅社', '防城港珍珠湾明爵海景二号渔家乐', '防城港白沙湾明洋kz特色民宿', '防城港珍珠湾明爵海景一号渔家乐', '防城港白龙海海景酒店']","['138', '138', '168', '203', '258', '188', '158', '88']"
江山半岛周边酒店,"['防城港温馨港湾民宿', '防城港江山半岛白沙湾巧巧农家乐', '防城港白沙湾旅社', '防城港珍珠湾明爵海景二号渔家乐', '防城港白沙湾明洋kz特色民宿', '防城港珍珠湾明爵海景一号渔家乐', '防城港白龙海海景酒店', '防城港万鸥海岸海景民宿']","['138', '168', '203', '258', '188', '158', '88', '258']"
月亮湾周边酒店,"['防城港玲莉度假酒店', '防城港常丰农家乐', '防城港防城港三块石朴宿客栈', '防城港萨维尔度假酒店', '防城港家多福海景客栈', '防城港三块石玖号海景民宿', '防城港蓝白拖美宿', '防城港海逸居民宿']","['118', '138', '158', '865', '183', '268', '318', '275']"
NA,[],[]
胡志明小道周边酒店,"['防城港蓝白拖美宿', '防城港海逸居民宿', '防城港江山半岛酒店', '防城港七月上民宿', '防城港蓝海湾客栈', '防城港老李四客栈', '防城港海天一舍客栈', '防城港海客时光民宿']","['318', '275', '240', '131', '98', '118', '398', '291']"
峒中温泉周边酒店,"['防城港蓝白拖美宿', '防城港海逸居民宿', '防城港江山半岛酒店', '防城港七月上民宿', '防城港蓝海湾客栈', '防城港老李四客栈', '防城港海天一舍客栈', '防城港海客时光民宿']","['318', '275', '240', '131', '98', '118', '398', '291']"
聪皇沟周边酒店,['防城港城之星快捷酒店'],['78']
七彩贝丘湾周边酒店,"['东兴七彩贝丘湾酒店', '东兴戚姐庄园']","['60', '48']"
黄姚古镇周边酒店,"['昭平宝峰宾馆', '昭平黄姚金隆大酒店', '黄姚古镇金梦园酒店', '黄姚云山悦景酒店', '昭平黄姚隆泉商务酒店', '昭平县乡约黄姚酒店', '贺州翠屏别院酒店', '昭平黄姚便捷客栈']","['108', '55', '89', '115', '65', '138', '105', '56']"
浮山风景名胜区周边酒店,"['贺州龙记宾馆', '贺州宏运雅居', '贺州庆丰源民宿', '贺州鲜美廉客栈', '贺州永丰宾馆', '贺州便捷宾馆', '贺州好运来酒店', '贺州温馨居公寓']","['88', '53', '83', '80', '468', '68', '90', '453']"
客家围屋周边酒店,"['贺州龙记宾馆', '贺州宏运雅居', '贺州庆丰源民宿', '贺州鲜美廉客栈', '贺州永丰宾馆', '贺州便捷宾馆', '贺州好运来酒店', '贺州温馨居公寓']","['88', '53', '83', '80', '468', '68', '90', '453']"
贺州温泉周边酒店,"['贺州龙记宾馆', '贺州宏运雅居', '贺州庆丰源民宿', '贺州鲜美廉客栈', '贺州永丰宾馆', '贺州便捷宾馆', '贺州好运来酒店', '贺州温馨居公寓']","['88', '53', '83', '80', '468', '68', '90', '453']"
NA,[],[]
姑婆山周边酒店,['姑婆山小英姐家庭民宿'],['588']
江氏客家围屋周边酒店,"['贺州龙记宾馆', '贺州宏运雅居', '贺州庆丰源民宿', '贺州鲜美廉客栈', '贺州永丰宾馆', '贺州便捷宾馆', '贺州好运来酒店', '贺州温馨居公寓']","['88', '53', '83', '80', '468', '68', '90', '453']"
路花温泉周边酒店,"['贺州龙记宾馆', '贺州宏运雅居', '贺州庆丰源民宿', '贺州鲜美廉客栈', '贺州永丰宾馆', '贺州便捷宾馆', '贺州好运来酒店', '贺州温馨居公寓']","['88', '53', '83', '80', '468', '68', '90', '453']"
秀水状元村周边酒店,"['贺州龙记宾馆', '贺州宏运雅居', '贺州庆丰源民宿', '贺州鲜美廉客栈', '贺州永丰宾馆', '贺州便捷宾馆', '贺州好运来酒店', '贺州温馨居公寓']","['88', '53', '83', '80', '468', '68', '90', '453']"
贺州小凉河周边酒店,"['贺州龙记宾馆', '贺州宏运雅居', '贺州庆丰源民宿', '贺州鲜美廉客栈', '贺州永丰宾馆', '贺州便捷宾馆', '贺州好运来酒店', '贺州温馨居公寓']","['88', '53', '83', '80', '468', '68', '90', '453']"
紫云周边酒店,"['贺州宏运雅居', '贺州庆丰源民宿', '贺州鲜美廉客栈', '贺州永丰宾馆', '贺州便捷宾馆', '贺州好运来酒店', '贺州陶然居酒店', '贺州平果商务酒店']","['53', '83', '80', '468', '68', '90', '118', '62']"
贺州灵峰山周边酒店,"['贺州龙记宾馆', '贺州宏运雅居', '贺州庆丰源民宿', '贺州鲜美廉客栈', '贺州永丰宾馆', '贺州便捷宾馆', '贺州好运来酒店', '贺州温馨居公寓']","['88', '53', '83', '80', '468', '68', '90', '453']"
贺州十八水周边酒店,"['姑婆山碧水湾美宿', '贺州姑婆山家庭旅馆', '姑婆山林韵山居公寓', '姑婆山小蜜蜂之家民宿', '姑婆山小英姐家庭民宿']","['142', '699', '178', '64', '588']"
双龙漂流周边酒店,['姑婆山小英姐家庭民宿'],['588']
NA,[],[]
浮山周边酒店,"['贺州龙记宾馆', '贺州宏运雅居', '贺州庆丰源民宿', '贺州鲜美廉客栈', '贺州永丰宾馆', '贺州便捷宾馆', '贺州好运来酒店', '贺州温馨居公寓']","['88', '53', '83', '80', '468', '68', '90', '453']"
NA,[],[]
贺州南乡温泉群周边酒店,"['贺州龙记宾馆', '贺州宏运雅居', '贺州庆丰源民宿', '贺州鲜美廉客栈', '贺州永丰宾馆', '贺州便捷宾馆', '贺州好运来酒店', '贺州温馨居公寓']","['88', '53', '83', '80', '468', '68', '90', '453']"
现代农业科技示范园周边酒店,"['贺州龙记宾馆', '贺州宏运雅居', '贺州庆丰源民宿', '贺州鲜美廉客栈', '贺州永丰宾馆', '贺州便捷宾馆', '贺州好运来酒店', '贺州温馨居公寓']","['88', '53', '83', '80', '468', '68', '90', '453']"
NA,[],[]
勾漏洞周边酒店,"['北流豪荣酒店', '新西里酒店(北流南站店)', '北流富丽华大酒店', '北流嘉华时尚酒店', '大成酒店（北流南园店）', '千景连锁酒店(北流永丰店)', '顺6吉邦便捷酒店(北流南园店)', '北流云联酒店']","['90', '68', '60', '78', '118', '77', '60', '118']"
大容山周边酒店,"['玉林宾馆第一分部', '玉林大众商务宾馆', '玉林国豪宾馆', '玉林香都大酒店', '名人酒店(玉林城站店)', '玉林圣上大酒店', '精通酒店(玉林火车站玉柴店)', '玉林钱江源大酒店']","['138', '29', '40', '50', '68', '49', '68', '57']"
NA,[],[]
云天文化城周边酒店,"['玉林宾馆第一分部', '玉林大众商务宾馆', '玉林国豪宾馆', '玉林香都大酒店', '名人酒店(玉林城站店)', '玉林圣上大酒店', '精通酒店(玉林火车站玉柴店)', '玉林钱江源大酒店']","['138', '29', '40', '50', '68', '49', '68', '57']"
都峤山周边酒店,"['容县途乐商务酒店', '玉林容县龙晶国际大酒店', '容县金瑞宾馆', '容县和鑫商务宾馆', '容县兴得利宾馆', '容县容州国际大酒店', '容县巴里岛假日酒店', '容县宜居宾馆']","['79', '118', '58', '58', '88', '231', '74', '95']"
龙珠湖周边酒店,"['玉林宾馆第一分部', '玉林大众商务宾馆', '玉林国豪宾馆', '玉林香都大酒店', '名人酒店(玉林城站店)', '玉林圣上大酒店', '精通酒店(玉林火车站玉柴店)', '玉林钱江源大酒店']","['138', '29', '40', '50', '68', '49', '68', '57']"
陆川温泉周边酒店,['陆川八方商务酒店'],['118']
NA,[],[]
大容山漂流周边酒店,['桫椤谷度假酒店(北流大容山国家森林公园店)'],['362']
佛子山周边酒店,"['玉林成功商务酒店', '玉林冠华酒店', '维也纳国际酒店(玉林中鼎公园假日店)', '城市便捷酒店(玉林宏进中鼎公园假日店)', 'TOWO上品酒店(玉林宏进批发城店)']","['69', '48', '138', '160', '68']"
真武阁周边酒店,"['玉林宾馆第一分部', '玉林大众商务宾馆', '玉林国豪宾馆', '玉林香都大酒店', '名人酒店(玉林城站店)', '玉林圣上大酒店', '精通酒店(玉林火车站玉柴店)', '玉林钱江源大酒店']","['138', '29', '40', '50', '68', '49', '68', '57']"
NA,[],[]
龙泉岩周边酒店,"['玉林宾馆第一分部', '玉林大众商务宾馆', '玉林国豪宾馆', '玉林香都大酒店', '名人酒店(玉林城站店)', '玉林圣上大酒店', '精通酒店(玉林火车站玉柴店)', '玉林钱江源大酒店']","['138', '29', '40', '50', '68', '49', '68', '57']"
玉林容县黎村温泉周边酒店,"['玉林宾馆第一分部', '玉林大众商务宾馆', '玉林国豪宾馆', '玉林香都大酒店', '名人酒店(玉林城站店)', '玉林圣上大酒店', '精通酒店(玉林火车站玉柴店)', '玉林钱江源大酒店']","['138', '29', '40', '50', '68', '49', '68', '57']"
天堂湖温泉周边酒店,"['玉林宾馆第一分部', '玉林大众商务宾馆', '玉林国豪宾馆', '玉林香都大酒店', '名人酒店(玉林城站店)', '玉林圣上大酒店', '精通酒店(玉林火车站玉柴店)', '玉林钱江源大酒店']","['138', '29', '40', '50', '68', '49', '68', '57']"
庆寿岩周边酒店,"['容县养心学院酒店', '容县途乐商务酒店', '容县金瑞宾馆', '容县和鑫商务宾馆', '容县兴得利宾馆', '容县容州国际大酒店', '容县巴里岛假日酒店', '容县宜居宾馆']","['239', '79', '58', '58', '88', '231', '74', '95']"
杨贵妃故里周边酒店,"['玉林宾馆第一分部', '玉林大众商务宾馆', '玉林国豪宾馆', '玉林香都大酒店', '名人酒店(玉林城站店)', '玉林圣上大酒店', '精通酒店(玉林火车站玉柴店)', '玉林钱江源大酒店']","['138', '29', '40', '50', '68', '49', '68', '57']"
玉林龟山森林公园周边酒店,"['玉林宾馆第一分部', '玉林大众商务宾馆', '玉林国豪宾馆', '玉林香都大酒店', '名人酒店(玉林城站店)', '玉林圣上大酒店', '精通酒店(玉林火车站玉柴店)', '玉林钱江源大酒店']","['138', '29', '40', '50', '68', '49', '68', '57']"
玉林博白温罗温泉周边酒店,"['玉林宾馆第一分部', '玉林大众商务宾馆', '玉林国豪宾馆', '玉林香都大酒店', '名人酒店(玉林城站店)', '玉林圣上大酒店', '精通酒店(玉林火车站玉柴店)', '玉林钱江源大酒店']","['138', '29', '40', '50', '68', '49', '68', '57']"
NA,[],[]
桂平西山周边酒店,"['贵港格莱美旅馆', '贵港金湖精品商务宾馆', '贵港阁柠商务酒店', '贵港金灿旅馆', '贵港明悦大酒店', '贵港南部都市商务酒店', '城市便捷酒店(贵港唐人街店)', '雅斯特酒店(贵港中央广场高铁站店)']","['50', '88', '78', '54', '209', '58', '87', '83']"
龙潭森林公园周边酒店,"['贵港有家宾馆', '贵港格莱美旅馆', '贵港金湖精品商务宾馆', '贵港阁柠商务酒店', '贵港金灿旅馆', '贵港明悦大酒店', '贵港南部都市商务酒店', '城市便捷酒店(贵港唐人街店)']","['49', '50', '88', '78', '54', '209', '58', '87']"
大藤峡周边酒店,"['尚客优精选酒店(桂平客运中心店)', '桂平艾尚酒店', '桂平天成商务酒店', '贵港贵港雅源宾馆()', '桂平金燕子主题酒店', '桂平雅图便捷酒店', '桂平恒通旅馆', '桂平朝洋酒店']","['149', '127', '80', '78', '89', '98', '88', '60']"
贵港南山寺周边酒店,"['贵港有家宾馆', '贵港格莱美旅馆', '贵港金湖精品商务宾馆', '贵港阁柠商务酒店', '贵港金灿旅馆', '贵港明悦大酒店', '贵港南部都市商务酒店', '城市便捷酒店(贵港唐人街店)']","['49', '50', '88', '78', '54', '209', '58', '87']"
龙潭国家森林公园周边酒店,"['贵港格莱美旅馆', '贵港金湖精品商务宾馆', '贵港阁柠商务酒店', '贵港金灿旅馆', '贵港明悦大酒店', '贵港南部都市商务酒店', '城市便捷酒店(贵港唐人街店)', '雅斯特酒店(贵港中央广场高铁站店)']","['50', '88', '78', '54', '209', '58', '87', '83']"
桂平金田起义旧址周边酒店,"['贵港格莱美旅馆', '贵港金湖精品商务宾馆', '贵港阁柠商务酒店', '贵港金灿旅馆', '贵港明悦大酒店', '贵港南部都市商务酒店', '城市便捷酒店(贵港唐人街店)', '雅斯特酒店(贵港中央广场高铁站店)']","['50', '88', '78', '54', '209', '58', '87', '83']"
NA,[],[]
北回归线标志公园周边酒店,"['贵港格莱美旅馆', '贵港金湖精品商务宾馆', '贵港阁柠商务酒店', '贵港金灿旅馆', '贵港明悦大酒店', '贵港南部都市商务酒店', '城市便捷酒店(贵港唐人街店)', '雅斯特酒店(贵港中央广场高铁站店)']","['50', '88', '78', '54', '209', '58', '87', '83']"
NA,[],[]
九凌湖周边酒店,"['贵港格莱美旅馆', '贵港金湖精品商务宾馆', '贵港阁柠商务酒店', '贵港金灿旅馆', '贵港明悦大酒店', '贵港南部都市商务酒店', '城市便捷酒店(贵港唐人街店)', '雅斯特酒店(贵港中央广场高铁站店)']","['50', '88', '78', '54', '209', '58', '87', '83']"
贵港新世纪广场周边酒店,"['贵港有家宾馆', '贵港格莱美旅馆', '贵港金湖精品商务宾馆', '贵港阁柠商务酒店', '贵港金灿旅馆', '贵港明悦大酒店', '贵港南部都市商务酒店', '城市便捷酒店(贵港唐人街店)']","['49', '50', '88', '78', '54', '209', '58', '87']"
金田周边酒店,['桂平金田宾馆'],['63']
NA,[],[]
贵港九凌湖周边酒店,"['贵港有家宾馆', '贵港格莱美旅馆', '贵港金湖精品商务宾馆', '贵港阁柠商务酒店', '贵港金灿旅馆', '贵港明悦大酒店', '贵港南部都市商务酒店', '城市便捷酒店(贵港唐人街店)']","['49', '50', '88', '78', '54', '209', '58', '87']"
NA,[],[]
NA,[],[]
贵港东湖公园周边酒店,"['贵港有家宾馆', '贵港格莱美旅馆', '贵港金湖精品商务宾馆', '贵港阁柠商务酒店', '贵港金灿旅馆', '贵港明悦大酒店', '贵港南部都市商务酒店', '城市便捷酒店(贵港唐人街店)']","['49', '50', '88', '78', '54', '209', '58', '87']"
NA,[],[]
大成国王府遗址周边酒店,"['尚客优精选酒店(桂平客运中心店)', '桂平艾尚酒店', '桂平天成商务酒店', '贵港贵港雅源宾馆()', '桂平金燕子主题酒店', '桂平雅图便捷酒店', '桂平恒通旅馆', '桂平朝洋酒店']","['149', '127', '80', '78', '89', '98', '88', '60']"
东塔周边酒店,"['尚客优精选酒店(桂平客运中心店)', '桂平艾尚酒店', '桂平天成商务酒店', '贵港贵港雅源宾馆()', '桂平金燕子主题酒店', '桂平雅图便捷酒店', '桂平恒通旅馆', '桂平朝洋酒店']","['149', '127', '80', '78', '89', '98', '88', '60']"
三娘湾周边酒店,"['钦州乌雷福有渔庄', '钦州火车驿站', '钦州三娘湾海边客栈', '钦州金海滩酒店', '钦州海豚之乡宾馆', '钦州渔枫旅馆', '钦州三娘湾海岸线客房', '钦州麦记渔家小院饭店']","['178', '178', '158', '88', '168', '59', '118', '88']"
NA,[],[]
六峰山周边酒店,"['灵山江南商务酒店', '灵山喜橙凯旋酒店', '灵山星照宾馆', '灵山环宇酒店', '灵山正久大酒店', '灵山银城商务酒店', '灵山葡京酒店', '灵山大家旺酒店']","['68', '121', '65', '78', '68', '154', '72', '80']"
NA,[],[]
麻蓝岛周边酒店,"['钦州正元大酒店', '钦州颐豪大酒店', '钦州阳光海岸商务酒店', '钦州金苑商务酒店', '钦州悦海旅馆', '钦州怡家优品酒店', '钦州金海岸商务宾馆', '钦州欧雅宾馆']","['65', '58', '138', '70', '58', '60', '59', '58']"
NA,[],[]
刘永福故居周边酒店,"['城市便捷酒店(钦州汽车南站店)', '城市便捷酒店(钦州新汽车总站店)', '钦州长城宾馆', '钦州拓生酒店', '钦州鑫源商务宾馆', '钦州海源招待所', '钦州城东迎宾馆', '钦州6+1便捷酒店']","['79', '154', '178', '118', '108', '108', '45', '60']"
三宣堂周边酒店,"['钦州悦莱宾馆茶山江店', '城市便捷酒店(钦州汽车南站店)', '城市便捷酒店(钦州新汽车总站店)', '钦州长城宾馆', '钦州拓生酒店', '钦州鑫源商务宾馆', '钦州海源招待所', '钦州城东迎宾馆']","['50', '79', '154', '178', '118', '108', '108', '45']"
灵东水库周边酒店,"['城市便捷酒店(钦州汽车南站店)', '钦州长城宾馆', '钦州拓生酒店', '钦州鑫源商务宾馆', '钦州海源招待所', '钦州城东迎宾馆', '钦州6+1便捷酒店', '钦州安悦宾馆']","['79', '178', '118', '108', '108', '45', '60', '70']"
椎林叠翠周边酒店,"['城市便捷酒店(钦州汽车南站店)', '城市便捷酒店(钦州新汽车总站店)', '钦州长城宾馆', '钦州拓生酒店', '钦州鑫源商务宾馆', '钦州海源招待所', '钦州城东迎宾馆', '钦州6+1便捷酒店']","['79', '154', '178', '118', '108', '108', '45', '60']"
冯子材故居周边酒店,"['城市便捷酒店(钦州新汽车总站店)', '钦州长城宾馆', '钦州拓生酒店', '钦州鑫源商务宾馆', '钦州海源招待所', '钦州城东迎宾馆', '钦州6+1便捷酒店', '钦州安悦宾馆']","['154', '178', '118', '108', '108', '45', '60', '70']"
NA,[],[]
钦州龙门群岛周边酒店,"['城市便捷酒店(钦州汽车南站店)', '城市便捷酒店(钦州新汽车总站店)', '钦州长城宾馆', '钦州拓生酒店', '钦州鑫源商务宾馆', '钦州海源招待所', '钦州城东迎宾馆', '钦州6+1便捷酒店']","['79', '154', '178', '118', '108', '108', '45', '60']"
王岗山周边酒店,"['城市便捷酒店(钦州汽车南站店)', '城市便捷酒店(钦州新汽车总站店)', '钦州长城宾馆', '钦州拓生酒店', '钦州鑫源商务宾馆', '钦州海源招待所', '钦州城东迎宾馆', '钦州6+1便捷酒店']","['79', '154', '178', '118', '108', '108', '45', '60']"
七十二泾周边酒店,"['钦州正元大酒店', '钦州颐豪大酒店', '钦州阳光海岸商务酒店', '钦州金苑商务酒店', '钦州悦海旅馆', '钦州怡家优品酒店', '钦州金海岸商务宾馆', '钦州欧雅宾馆']","['65', '58', '138', '70', '58', '60', '59', '58']"
钦州龟王城周边酒店,"['城市便捷酒店(钦州汽车南站店)', '城市便捷酒店(钦州新汽车总站店)', '钦州长城宾馆', '钦州拓生酒店', '钦州鑫源商务宾馆', '钦州海源招待所', '钦州城东迎宾馆', '钦州6+1便捷酒店']","['79', '154', '178', '118', '108', '108', '45', '60']"
钦州仙岛公园周边酒店,"['钦州正元大酒店', '钦州颐豪大酒店', '钦州阳光海岸商务酒店', '钦州金苑商务酒店', '钦州悦海旅馆', '钦州怡家优品酒店', '钦州金海岸商务宾馆', '钦州欧雅宾馆']","['65', '58', '138', '70', '58', '60', '59', '58']"
越州天湖周边酒店,"['城市便捷酒店(钦州汽车南站店)', '城市便捷酒店(钦州新汽车总站店)', '钦州长城宾馆', '钦州拓生酒店', '钦州鑫源商务宾馆', '钦州海源招待所', '钦州城东迎宾馆', '钦州6+1便捷酒店']","['79', '154', '178', '118', '108', '108', '45', '60']"
钦州坭兴陶艺有限公司周边酒店,"['城市便捷酒店(钦州汽车南站店)', '城市便捷酒店(钦州新汽车总站店)', '钦州长城宾馆', '钦州拓生酒店', '钦州鑫源商务宾馆', '钦州海源招待所', '钦州城东迎宾馆', '钦州6+1便捷酒店']","['79', '154', '178', '118', '108', '108', '45', '60']"
钦州大芦村周边酒店,"['城市便捷酒店(钦州汽车南站店)', '城市便捷酒店(钦州新汽车总站店)', '钦州长城宾馆', '钦州拓生酒店', '钦州鑫源商务宾馆', '钦州海源招待所', '钦州城东迎宾馆', '钦州6+1便捷酒店']","['79', '154', '178', '118', '108', '108', '45', '60']"
德天瀑布周边酒店,"['崇左雅特斯酒店', '崇左德天大酒店', '崇左天湖大酒店', '崇左明都商务宾馆', '崇左幸福公寓', '崇左加洲便捷酒店', '崇左银通快捷酒店', '崇左家园商务酒店']","['88', '82', '336', '68', '58', '68', '70', '98']"
明仕田园周边酒店,"['大新明仕庄园宾馆', '大新明仕天成驿站', '大新黄记农家乐客栈', '大新明仕千竹园山庄', '大新新农村餐馆', '大新田间漫步客栈', '大新明仕酒店', '大新友缘客栈']","['66', '95', '84', '128', '110', '173', '190', '108']"
左江石景林周边酒店,"['崇左雅特斯酒店', '崇左德天大酒店', '崇左天湖大酒店', '崇左明都商务宾馆', '崇左幸福公寓', '崇左加洲便捷酒店', '崇左银通快捷酒店', '崇左家园商务酒店']","['88', '82', '336', '68', '58', '68', '70', '98']"
NA,[],[]
NA,[],[]
法国驻龙州领事馆周边酒店,"['龙州悦祥便捷酒店', '龙州南湖商务酒店', '龙州龙江宾馆', '崇左都市便捷酒店(广场店)', '龙州城市快捷酒店', '龙州鑫隆商务宾馆', '龙州龙腾商务酒店', '龙州源满宾馆']","['68', '68', '78', '188', '60', '60', '68', '88']"
胡志明展馆周边酒店,"['龙州悦祥便捷酒店', '龙州南湖商务酒店', '龙州龙江宾馆', '龙州金明珠商务酒店', '崇左都市便捷酒店(广场店)', '龙州天琴酒店', '龙州城市快捷酒店', '龙州鑫隆商务宾馆']","['68', '68', '78', '60', '188', '70', '60', '60']"
德天周边酒店,"['崇左绿芳沙屯山庄', '大新德天荣凯硕龙山庄', '大新德天缘宾馆', '大新圣原宾馆', '大新玲珑客栈', '大新乐巢旅馆', '崇左老街土菜馆住宿', '花筑・大新龙莹酒店(德天瀑布店)']","['78', '59', '88', '97', '89', '39', '69', '159']"
友谊关周边酒店,"['凭祥地龙山庄农家乐', '凭祥永顺公寓酒店', '崇左德旺宾馆', '凭祥川江宾馆', '凭祥国宾商务大酒店', '凭祥华越商务大酒店', '凭祥天宝大酒店', '凭祥芙蓉大酒店']","['210', '200', '80', '88', '60', '59', '98', '58']"
NA,[],[]
归龙斜塔周边酒店,"['崇左喜洋洋便捷酒店', '城市便捷酒店(崇左友谊大道店)', '崇左城南旅馆', '城市便捷酒店(崇左沿山路店)', '崇左雅乐居便捷酒店', '雅斯特酒店(崇左沿山路店)', '崇左528主题宾馆', '崇左好时光便捷酒店']","['88', '69', '35', '81', '68', '82', '58', '58']"
崇左大新恩城山水风光周边酒店,"['崇左雅特斯酒店', '崇左德天大酒店', '崇左天湖大酒店', '崇左明都商务宾馆', '崇左幸福公寓', '崇左加洲便捷酒店', '崇左银通快捷酒店', '崇左家园商务酒店']","['88', '82', '336', '68', '58', '68', '70', '98']"
沙屯多级瀑布周边酒店,"['金海岸便捷酒店连锁(崇左车站店)', '崇左雅特斯酒店', '崇左德天大酒店', '崇左天湖大酒店', '崇左明都商务宾馆', '崇左幸福公寓', '崇左加洲便捷酒店', '崇左银通快捷酒店']","['76', '88', '82', '336', '68', '58', '68', '70']"
凭祥古城周边酒店,"['金海岸便捷酒店连锁(崇左车站店)', '崇左雅特斯酒店', '崇左德天大酒店', '崇左天湖大酒店', '崇左明都商务宾馆', '崇左幸福公寓', '崇左加洲便捷酒店', '崇左银通快捷酒店']","['76', '88', '82', '336', '68', '58', '68', '70']"
弄官白头叶猴周边酒店,"['崇左雅特斯酒店', '崇左德天大酒店', '崇左天湖大酒店', '崇左明都商务宾馆', '崇左幸福公寓', '崇左加洲便捷酒店', '崇左银通快捷酒店', '崇左家园商务酒店']","['88', '82', '336', '68', '58', '68', '70', '98']"
NA,[],[]
左江斜塔周边酒店,"['城市便捷酒店(崇左友谊大道店)', '崇左城南旅馆', '城市便捷酒店(崇左沿山路店)', '崇左雅乐居便捷酒店', '雅斯特酒店(崇左沿山路店)', '崇左528主题宾馆', '崇左好时光便捷酒店', '崇左沿山便捷商务酒店']","['69', '35', '81', '68', '82', '58', '58', '60']"
大新黑水河周边酒店,"['崇左雅特斯酒店', '崇左德天大酒店', '崇左天湖大酒店', '崇左明都商务宾馆', '崇左幸福公寓', '崇左加洲便捷酒店', '崇左银通快捷酒店', '崇左家园商务酒店']","['88', '82', '336', '68', '58', '68', '70', '98']"
NA
扶绥银泉山庄周边酒店,"['金海岸便捷酒店连锁(崇左车站店)', '崇左雅特斯酒店', '崇左德天大酒店', '崇左天湖大酒店', '崇左明都商务宾馆', '崇左幸福公寓', '崇左加洲便捷酒店', '崇左银通快捷酒店']","['76', '88', '82', '336', '68', '58', '68', '70']"
刘三姐景观园周边酒店,"['桂林聚龙宾馆', '桂林鑫豪宾馆', '桂林金三角酒店', '桂林瓦窑旅馆', '金海宾馆(桂林瓦窑店)', '桂林华安宾馆', '桂林旺鑫宾馆', '城市便捷酒店(桂林瓦窑店)']","['50', '69', '68', '28', '51', '77', '34', '68']"
